{"cameraMode":{"drawMode":0,"name":"Shaded","section":"Shading Mode"},"sceneLighting":true,"audioPlay":false,"sceneViewState":{"m_AlwaysRefresh":false,"showFog":true,"showSkybox":true,"showFlares":true,"showImageEffects":true,"showParticleSystems":true,"showVisualEffectGraphs":true,"m_FxEnabled":true},"in2DMode":false,"pivot":{"x":-2.6794211864471437,"y":-0.25150689482688906,"z":-0.9330986142158508},"rotation":{"x":0.20423255860805512,"y":0.30037474632263186,"z":-0.06600228697061539,"w":0.9293854832649231},"size":0.8873988389968872,"orthographic":false}